Company,Website,Title,Emails,status
Ai-autoblogger,https://ai-autoblogger.com/,AI Auto Blogger ‚Äì Limitless Content,,no_email_found
Ai-essay-grader,https://ai-essay-grader.com/,Loading...,,no_email_found
Aiapply,https://aiapply.co/ai-resume-scanner,AI Resume Scanner | AI Resume Scanner,,no_email_found
Aimagicx,https://aimagicx.com/,AI Magicx - AI-Powered Tools for Every Creator | AI Magicx,,no_email_found
Aipdfreader,https://aipdfreader.net/,"Free AI PDF Reader - Analyze, Translate & Summarize Documents",,no_email_found
Aiphotohq,https://aiphotohq.com/,AI Photo HQ ‚Äì Where the Internet generates AI images,,no_email_found
Aipower,https://aipower.org/,Complete AI Pack - AI Power - Complete AI Pack for WordPress,,no_email_found
Aisonggenerator,https://aisonggenerator.io/,"AI Music & Song Generator Online (Free, Powerful)","adrianyleticia8@gmail.com, anajuliamaiavi@gmail.com, borrachero009@gmail.com, caiaquelontras@gmail.com, esdraswarley@gmail.com, giostamm@gmail.com, lilarstover@gmail.com, maristelacunhaferreira@gmail.com, support@aisonggenerator.io, vihobbydarc@gmail.com, yaguito5207@gmail.com",sent
Antramic,https://antramic.ai/,YouTube Comment Analyzer - Turn Comments Into Revenue & Growth Insights | ANTRAMIC,,no_email_found
Bizplanner,https://bizplanner.ai/,BizPlanner AI Business Plan Generator | Write in 15 Minutes,,no_email_found
Botmemo,https://botmemo.com/ai-user-persona-generator/,AI User Persona Generator - Bot Memo,,no_email_found
Download,https://download.impakt.com/Tfn8/qslnrr4e,"AI Vision for At-Home Fitness, Health & Nutrition | Impakt",,no_email_found
Fotol,https://fotol.ai/ai/video,Attention Required! | Cloudflare,,no_email_found
Heyalice,https://heyalice.app/,Alice - Your Personal AI Assistant App,,no_email_found
Heyscottie,https://heyscottie.ai/,Scottie - AI-Powered Daily News Briefs,,no_email_found
Lexikon,https://lexikon.ai/,Lexikon AI | Personalized AI Companions from Your Chats,,no_email_found
Limitless,https://limitless.ai/,Limitless,,no_email_found
Linkedcrm,https://linkedcrm.ai/linkedin-email-finder,LinkedIn Email Finder: 98% Accuracy Rate - Start for Free,hello@linkedcrm.ai,sent
Metastory,https://metastory.ai/,metastory ¬∑ Empowering Product Owner with AI,,no_email_found
Modelplayground,https://modelplayground.ai/,Model Playground AI,,no_email_found
Organizewith,https://organizewith.ai/,Organize with AI,support@organizewith.ai,sent
Perceptionai,https://perceptionai.dev/,Protocraft AI,,no_email_found
Rainex,https://rainex.io/ai-agents/,AI Agents for your business processes | Rainex,john@doe.com,sent
Rencoach,https://rencoach.com/,Ren | AI-Powered Self Development,,no_email_found
Singulairity,https://singulairity.app/,Singularity.ai,,no_email_found
Stormy,https://stormy.ai/,AI Agent for Influencer Marketing | End-to-End Automation | Stormy,founders@stormy.ai,sent
Stratpilotai,https://stratpilotai.com/,StratPilot AI - GPT for Options Trading | Beat the Market with AI,,no_email_found
Synthmind,https://synthmind.app/linkedin,Page Not Found ‚Äì Framerstore,"hello@framersites.com, support@synthmind.app, tech@oma-kase.com",sent
Tailrmadeai,https://tailrmadeai.com/verify-spot-resume-red-flags-before-the-interview-seeksuite/,Tailrmadeai,,no_email_found
Werd,https://werd.ai/,Werd | Vibe Write with Multi-Agent AI,hello@werd.ai,sent
Aiassistworks,https://www.aiassistworks.com/,"AiAssistWorks - AI for Google Sheets‚Ñ¢, Slides‚Ñ¢ & Docs‚Ñ¢",,no_email_found
Aiheadshotgenerator,https://www.aiheadshotgenerator.media/,Free AI Headshot Generator - Generate Professional Headshots,,no_email_found
Aimenuphoto,https://www.aimenuphoto.com/,AI Menu Photo - Transform Your Food Photos,,no_email_found
Aitherapy,https://www.aitherapy.care/,AI Therapy (CBT-Based) ‚Äî Free 24/7 Chat | Aitherapy,support@aitherapy.care,sent
Betterpic,https://www.betterpic.io/,Best AI Headshot Generator for Professional Headshots in 4K,support@betterpic.io,sent
Cimphony,https://www.cimphony.ai/,"Cimphony | AI law firm for AI startups - fast, affordable legal","getshitdone@cimphony.ai, hello@cimphony.ai",sent
Evalyze,https://www.evalyze.ai/,Evalyze - AI Startup Fundraising Automation,yourname@example.com,sent
Fluig,https://www.fluig.cc/home,Fluig - Free AI diagram generator for visual collaboration,,no_email_found
Godofprompt,https://www.godofprompt.ai/ai-prompt-generator,ü™Ñ AI Prompt Generator by God of Prompt - Generate Your Custom AI Prompts,,no_email_found
Hedy,https://www.hedy.bot/,Hedy AI: Real-Time Meeting and Class Coach,,no_email_found
M1-project,https://www.m1-project.com/,"AI Marketing Assistant by M1-Project: Smarter Growth, Faster Results",support@m1-project.com,sent
Mumblenote,https://www.mumblenote.com/,Mumble Note - The fastest AI voice notetaker on the go,"feedback@mumblenote.com, icon-nullstate.js@0.7.ebhnzqre.mjs",sent
Newhero,https://www.newhero.ai/,NewHero ‚Äî Generate AI Images with Your Face,info@newhero.ai,sent
Pagesection,https://www.pagesection.com/ai-page-translator,"AI web page translator ‚Äî translate text, copy/paste, edit webpages online",support@pagesection.com,sent
Pykaso,https://www.pykaso.ai/ai-tools/ai-lora-training,AI Character LoRa Training,,no_email_found
Remio,https://www.remio.ai/,remio | AI Assistant Powered by All Your Data,"18d2f96d279149989b95faf0a4b41882@sentry-next.wixpress.com, 1d7d0a2217a04496808b11f7603693e5@sentry-next.wixpress.com, 2062d0a4929b45348643784b5cb39c36@sentry.wixpress.com, 271e9fa3230b4eec94b02bf95780f5f2@sentry.wixpress.com, 460ff4620fa44cba8df530afde949785@sentry.wixpress.com, 5d1795a2db124a268f1e1bd88f503500@sentry.wixpress.com, 605a7baede844d278b89dc95ae0a9123@sentry-next.wixpress.com, 78f7996315bc402f9dcb8a2f974b82d1@sentry.wixpress.com, 79baaa8e09c746d2b7401643b99792e0@sentry.wixpress.com, 8c4075d5481d476e945486754f783364@sentry.io, 8eb368c655b84e029ed79ad7a5c1718e@sentry.wixpress.com, 98b21aa53d68482b8414e892d9af0e5f@sentry-next.wixpress.com, 9a65e97ebe8141fca0c4fd686f70996b@sentry.wixpress.com, c183baa23371454f99f417f6616b724d@sentry.wixpress.com, dd0a55ccb8124b9c9d938e3acf41f8aa@sentry.wixpress.com, ed436f5053144538958ad06a5005e99a@sentry.wixpress.com, f36cc48fb72b4d298c835f2793cf3b84@sentry-next.wixpress.com",sent
Rendera,https://www.rendera.ai/,Rendera Landscape Generator AI - Interior & Exterior Design Tool,info@rendera.ai,sent
Twig,https://www.twig.so/,Twig AI for Customer Experience,support@twig.so,sent
Useyoink,https://www.useyoink.ai/,Yoink AI - AI Assistant that Works in Every App,,no_email_found
Zoom,https://www.zoom.com/en/ai-assistant/,Zoom‚Äôs smart AI assistant that empowers you | Zoom,,no_email_found
Theogrowth,http://www.theogrowth.com/,"Client-Intelligent AI Tool for Agencies | THEO Context Intelligence for ChatGPT, Claude & More",info@theogrowth.com,sent
2pr,https://2pr.io/,2pr - Engaging LinkedIn Content in a minute,,no_email_found
Addto,https://addto.me/,addto.me,,no_email_found
Ai-coverletter-generator,https://ai-coverletter-generator.com/,AI Cover Letter Generator | Free Professional Cover Letters,support@ai-coverletter-generator.com,sent
Ai-pact,https://ai-pact.com/,Privacy Audit & Compliance Tool - AI Website Audit,,no_email_found
Aibooksummarizer,https://aibooksummarizer.com/,AI Book Summarizer - Get Your Free Summary with Our AI Tool,support@aibooksummarizer.com,sent
Aicado,https://aicado.ai/,Welcome | Aicado AI,support@aicado.ai,sent
Aideacatalyst,https://aideacatalyst.com/taaft/,AIdea Catalyst - TAAFT,matthew@aideacatalyst.com,sent
Aifreeforever,https://aifreeforever.com/tools/riddles-answer,Just a moment...,,no_email_found
Ainewslettergenerator,https://ainewslettergenerator.com/,AI Newsletter Generator - Create AI Newsletters on Autopilot üöÄ,info@anwendo.com,sent
Aissist,https://aissist.io/,Aissist - #1 Agentic AI for Enterprises,,no_email_found
Aiter,https://aiter.io/,"Aiter ‚Äì One-Click AI Ads, AI Content and Strategy Ideas | Vibe Marketing Tool",hello@aiter.io,sent
Aitoggler,https://aitoggler.com/,aiToggler,,no_email_found
Aivector,https://aivector.ai/en,AI Vector: Convert PNG to SVG Online Instantly,"logo@3x.png, service.aivector@gmail.com",sent
Alumnium,https://alumnium.ai/,Alumnium | Alumnium,,no_email_found
Amical,https://amical.ai/,Amical - Open source AI Dictation and Note-taking,,no_email_found
App,https://app.czero.cc/dashboard,CZero Engine: Platform-Independent Personal AI Interface,,no_email_found
App,https://app.landscapingai.site/,LandscapingAI - Transform Your Property,,no_email_found
Appisup,https://appisup.com/,AppIsUp,,no_email_found
Apply-ai,https://apply-ai.work/,Apply AI - AI-Powered Job Application Tools | Resume Builder & Interview Prep,,no_email_found
Askaiquestions,https://askaiquestions.net/,Ask AI Questions Online ‚Äì Get Free AI Answers in Seconds,,no_email_found
Askchad,https://askchad.io/,askCHAD - ALPHA software,,no_email_found
Automateed,https://automateed.com/,Automateed - AI-Powered eBook Creation & Publishing Platform,stefan@automateed.com,sent
Avturo,https://avturo.com/,Avturo - AI Car Listing Analysis,,no_email_found
Baloon,https://baloon.dev/,Baloon.dev ‚Äì AI Agent that Automates JIRA Tickets to Code,,no_email_found
Beam,https://beam.ai/,Leading Platform for Agentic Automation & AI Agents | Beam AI,name@email.com,sent
Beno,https://beno.one/,"Beno ‚ù§Ô∏è Customer Acquisition, Seeding and Marketing on Reddit",team@beno.one,sent
Berean,https://berean.ai/,Berean.ai - AI-Powered Biblical Theology & Christian Guidance,contact@berean.ai,sent
Bestbuyclues,https://bestbuyclues.com/,BestBuyClues - AI Gift Finder & Expert Curated Gift Guides,,no_email_found
Bestcity,https://bestcity.io/,Bestcity,,no_email_found
Betterdeal,https://betterdeal.ai/,BetterDeal AI - Smart Real Estate Investment Analysis Platform,support@betterdeals.ai,sent
Betterstacks,https://betterstacks.com/,Stacks | Own Your Digital Footprint with Personal AI,tanay@betterstacks.com,sent
Bigjpg,https://bigjpg.ai/,BigJpg AI,elkeqin@sense-ocean.com,sent
Bit,https://bit.ly/4cZknYg,Scraping Error,,scraping_failed
Blazordata,https://blazordata.net/,BlazorData - Home,webmaster@blazordata.net,sent
Bldbl,https://bldbl.dev/,Buildable - AI-Powered Build Planning,,no_email_found
Boltai,https://boltai.com/,"BoltAI ‚Ä¢ Native, high-performance AI app for Mac",app-screenshot@2x.webp,sent
Brainybear,https://brainybear.ai/,Build no-code AI agents with powerful tools beyond chatbots,,no_email_found
Breed,https://breed.dog/,Dog Breed Identifier Online Free - Breed.Dog,hello@breed.dog,sent
Browsewiz,https://browsewiz.com/,"BrowseWiz: AI Chat, AI Assistant & AI Agent Chrome Extension","contact@browsewiz.com, tom@devpeer.net",sent
Buildornot,https://buildornot.io/,Startup Ideas & Business Opportunities Data Platform | Build Or Not,support@buildornot.io,sent
Businesses,https://businesses.informly.ai/,Informly ‚Ä¢ Empower Your Business Decisions with Fast Insights. Powered with AI,info@informly.ai,sent
Buzzwize,https://buzzwize.ai/,Buzzwize - Grow on LinkedIn while you sleep,,no_email_found
Chat,https://chat.noagi.ai/login,"Ormind - Knowledge Work at AI speed, but your quality standards",,no_email_found
Chatgpt,https://chatgpt.com/g/g-678f63a05cf481918f2dc499077b4d33-business-launcher-generate-business-ideas,Chatgpt,,no_email_found
Chromaforgeai,https://chromaforgeai.com/,ChromaForgeAI - AI Website Generator,,no_email_found
Closingwtf,https://closingwtf.com/,ClosingWTF - Modern Mortgage Broker,team@closing.wtf,sent
Cloud,https://cloud.phala.network/,Phala: The New Cloud for Confidential AI,,no_email_found
Cloutsim,https://cloutsim.com/,CloutSim AI: Build Your Empire. Influence the World.,,no_email_found
Coderabbit,https://coderabbit.ai/,AI Code Reviews | CodeRabbit | Try for Free,,no_email_found
Coefont,https://coefont.cloud/cir/en,CoeFont Interpreter | CoeFont,coe-font-logo@1x.png,sent
Collate,https://collate.one/,Collate ‚Äì Local-First AI for PDF Chat & Summaries | Free Mac App | Collate,hello@collate.one,sent
Colorbliss,https://colorbliss.com/,The #1 AI Coloring Page Generator | ColorBliss,,no_email_found
Composio,https://composio.dev/,Composio - The Skill Layer of AI,support@composio.dev,sent
Computerx,https://computerx.ai/,ComputerX,,no_email_found
Contentredefined,https://contentredefined.ai/,Content Redefined - The Best AI Content Writer For SEO,,no_email_found
Copilot,https://copilot.tidio.com/,Tidio Copilot - Free AI Assistant for Your Helpdesk,support@tidio.net,sent
Crepal,https://crepal.ai/,CrePal | All-in-one AI Video Creation Agent,,no_email_found
Cresh,https://cresh.me/,Analyze and refine your business idea with Cresh,"info@cresh.me, janedoe@example.com",sent
Cuue,https://cuue.ai/,Best Free Influencer Search Tool - Cuue AI,,no_email_found
Deepmaker,https://deepmaker.ai/ai-tattoo-generator,AI Tattoo Generator | DeepMaker,,no_email_found
Deskrib,https://deskrib.ai/,DeskribAI - AI Document Generator,,no_email_found
Detect,https://detect.ai/,Best AI Detector and Humanizer | Detect.ai,,no_email_found
Devra,https://devra.ai/ref/theresanaiforthat,Devra,support@devra.ai,sent
Digibate,https://digibate.com/,Digibate,,no_email_found
Digidish,https://digidish.net/,DigiDish - AI-Powered Recipe Generator,,no_email_found
Dj,https://dj.studio/,The Ultimate DAW for DJs | DJ.Studio,,no_email_found
Draftlex,https://draftlex.com/,Draftlex AI - Main,hello@draftlex.com,sent
Dualweb,https://dualweb.ai/,Dual Web ‚Äî Optimize for AI and humans,,no_email_found
Duetmail,https://duetmail.com/,Duet Mail | Gmail AI Assistant | Save 4+ Hours Every Week,,no_email_found
Easyfin,https://easyfin.ai/,EasyFin: AI-Powered Stock Analysis Platform for Smarter Investments,,no_email_found
Echonow,https://echonow.ai/,Echo Now AI - Drowning in Slack Messages? Reclaim Your Day.,,no_email_found
Eloquens,https://eloquens.ai/,Eloquens AI - Your Smart AI Email Assistant,"ella.quinn@eloquens.ai, sales@ignitetech.com",sent
Empromptu,https://empromptu.ai/,Empromptu - No Code AI App Builder,,no_email_found
Explee,https://explee.com/,Explee | AI search for companies and people,,no_email_found
Ferndesk,https://ferndesk.com/,Ferndesk - Create an AI help center that never goes out of date,hey@ferndesk.com,sent
Fetchfox,https://fetchfox.ai/,FetchFox,,no_email_found
Flashbackstudy,https://flashbackstudy.com/,flashback | Your AI Study Partner,colin@flashbackstudy.com,sent
Flectai,https://flectai.com/,Flect,,no_email_found
Fotol,https://fotol.ai/tools/ai-image-generator,Attention Required! | Cloudflare,,no_email_found
Freemangatranslator,https://freemangatranslator.com/,Free Manga Translator - Free AI Manga Translation | freemangatranslator.com,,no_email_found
Futuribooks,https://futuribooks.ai/,FuturiBooks ‚Äì Unlock Your Story's Potential,,no_email_found
Galgos,https://galgos.ai/,Project not found,,no_email_found
Generateads,https://generateads.ai/,Generate Ads AI - Generate Ads AI,contact@generateads.ai,sent
Get,https://get.cclarity.io/,Write Draft,,no_email_found
Getswitch,https://getswitch.io/,SWITCH - Street WITCHer - Agentic AI for Mobility and Logistics,info@getswitch.io,sent
Gettravelbuddy,https://gettravelbuddy.ai/,TravelBuddy AI: Your Smart Trip Planner,,no_email_found
Gpt-trainer,https://gpt-trainer.com/,GPT-trainer,hello@gpt-trainer.com,sent
Harmony,https://harmony.com.ai/,Harmony AI - Voice Assistant for Email & Calendar,,no_email_found
Hellotars,https://hellotars.com/,Build AI Agents with Tars No-Code Builder,sales@hellotars.com,sent
Heyjunie,https://heyjunie.xyz/,Project not found,,no_email_found
Hirebalzac,https://hirebalzac.ai/,Balzac AI ‚Ä¢ AI Marketing Copywriter,support@hirebalzac.ai,sent
Homesage,https://homesage.ai/,Homesage.ai: Grow Your Real Estate Business With AI,info@homesage.ai,sent
Imagetocaption,https://imagetocaption.ai/,Automate your captions to save time and energy.,,no_email_found
Interpretapp,https://interpretapp.ai/,Interpret AI,,no_email_found
Inyourdreams,https://inyourdreams.cloud/,InYourDreams,,no_email_found
Italian-brainrot,https://italian-brainrot.space/,Italian Brainrot Generator,m@example.com,sent
Kick,https://kick.co/,Kick | Self-Driving Bookkeeping,,no_email_found
Kimik2,https://kimik2.ai/,Kimi K2 AI - Open-Source ChatGPT Alternative | 95% Less Cost,hello@kimik2.ai,sent
Kudos,https://kudos.tv/products/nexi-ai-streamer,Nexi - AI Streamer Widget for Twitch & YouTube (StreamElements),"1_1024x1024@2x.png, 1_110x110@2x.png, 2_35160ff1-77b1-434a-9e25-c9c3dd00e635_1024x1024@2x.png, 2_35160ff1-77b1-434a-9e25-c9c3dd00e635_110x110@2x.png, 3_f71b65ef-765d-40c2-b4c8-d1d2c7e244ce_1024x1024@2x.png, 3_f71b65ef-765d-40c2-b4c8-d1d2c7e244ce_110x110@2x.png, catstreampet_thumbnail_250x250@2x.png, cute_cats_package_thumbnail_250x250@2x.png, hello@kudos.tv, support@kudos.tv, thumbnail_2e58b0c2-bf28-4acd-b519-d0526e5534f5_1024x1024@2x.png, thumbnail_2e58b0c2-bf28-4acd-b519-d0526e5534f5_110x110@2x.png, thumbnail_3_250x250@2x.png",sent
Landingpro,https://landingpro.ai/,Visual Programming | Bubble,,no_email_found
Leadhuntai,https://leadhuntai.com/,LeadHunt AI,elkeqin@sense-ocean.com,sent
Leadmagnetgenerator,https://leadmagnetgenerator.com/,Lead Magnet Generator ‚Ä¢ Generate High-Converting Lead Magnets in Minutes. Powered with AI & Real-time Web Search,info@leadmagnetgenerator.com,sent
Leadsgenerator,https://leadsgenerator.ai/,Scraping Error,,scraping_failed
Lenormand,https://lenormand.life/,Free Lenormand Reading Online - Insights | Lenormand Life,andy@tarotap.com,sent
Limecube,https://limecube.co/,AI Website Builder for Startups & Entrepreneurs | Limecube,,no_email_found
Listening4,https://listening4.com/,Listening4 ‚Äì AI-Powered Social Comment Marketing,,no_email_found
Localiq,https://localiq.ai/,LocalIQ,,no_email_found
Luppa,https://luppa.ai/,Luppa AI: Your All-in-One AI Marketing Platform,,no_email_found
Lutia,https://lutia.ai/,Lutia | A next level AI chat window,joe@lutia.ai,sent
Macky,https://macky.ai/,macky,,no_email_found
Magicblocks,https://magicblocks.ai/,MagicBlocks: Unbelievably Good Website AI Sales Agents,"full-logo-dark-on-white@3x.svg, full-logo-white-on-dark@3x.svg, hello@magicblocks.ai, icon@2x.png, icon@3x.svg, image-%202024-12-11%20at%201%20.18.42@2x.png",sent
Magiceraser,https://magiceraser.org/background-people-remover/,"Remove People from Photos - Free, Online, No Sign-up, No Ads",example@yourmail.com,sent
Magnetify,https://magnetify.ai/,Magnetify.ai - AI-Powered Lead Magnets for Rapid List & Business Growth,,no_email_found
Mailteorite,https://mailteorite.com/chat,Mailteorite - The Ultimate AI Email Template Generator,"dpo@mailteorite.com, recipient@example.com",sent
Mailzen,https://mailzen.ai/,"Mailzen.ai - Inbox chaos, meet Mailzen",,no_email_found
Mammouth,https://mammouth.ai/,Mammouth AI,,no_email_found
Mcpshowcase,https://mcpshowcase.com/,"MCP Playground: Explore, Chat with, and Integrate Your MCP API in Minutes - MCP Showcase",,no_email_found
Meeboss,https://meeboss.com/job-seeker/home,MeeBoss,,no_email_found
Mega,https://mega.apob.ai/taaft,APOB.AI - Creator AI | Personalized AI Portrait | AI Image & Video,,no_email_found
Mega,https://mega.apob.ai/taaftp,APOB.AI - Creator AI | Personalized AI Portrait | AI Image & Video,,no_email_found
Memeclip,https://memeclip.ai/ai-meme-generator,AI Meme Generator - Create Funny Memes from Text Instantly,,no_email_found
Memorae,https://memorae.ai/,Memorae | Smart reminders in your WhatsApp,,no_email_found
Merlio,https://merlio.app/,Merlio - All-in-One AI Assistant,,no_email_found
Metamonster,https://metamonster.ai/,Scale your on-page SEO processes with AI | MetaMonster,andrew@metamonster.ai,sent
Mexty,https://mexty.ai/,MEXTY.AI - AI-Powered Interactive Learning Content Creator,,no_email_found
Mobser,https://mobser.ai/,ŸÖŸèÿ®ÿµÿ± - ŸÖŸÜÿµÿ© ÿ™ÿ≠ŸÑŸäŸÑ ÿßŸÑÿ®ŸäÿßŸÜÿßÿ™ ÿßŸÑÿ∞ŸÉŸäÿ© | Mobser - Smart Data Analytics Platform,,no_email_found
Mockme,https://mockme.ai/,MockMe.ai | AI-Powered System Design Interview Practice,,no_email_found
Montessoriactivitiesathome,https://montessoriactivitiesathome.com/,From Simple Activities to a World of Learning - Montessori Activities,helpingparentswithactivities@gmail.com,sent
Mycareerkarma,https://mycareerkarma.app/,KARRI AI - AI-Powered Career Coaching & Resume Optimization,,no_email_found
Mypersonas,https://mypersonas.ai/,Home :: MyPersonas,sales@ignitetech.com,sent
Nanobanana,https://nanobanana.art/,"Best AI Image Editor, Transform Your Photos Now | Nano Banana AI",,no_email_found
Nanobananaart,https://nanobananaart.ai/,Nano Banana AI Free Online ‚Äì LMArena AI Image Editor,,no_email_found
Negowiz,https://negowiz.com/,Your Best AI-powered Negotiation Assistant,,no_email_found
Neoapps,https://neoapps.ai/,NeoApps.AI,,no_email_found
Neuralspaces,https://neuralspaces.ai/,HiddenGPT: Private ChatGPT,,no_email_found
Nextlevellabs,https://nextlevellabs.ai/,"Next Level Labs: Tracking, Benchmarking and AI for PC Gamers",hello@yourmail.com,sent
Notis,https://notis.ai/,Notis | Voice to Notion ‚Äî right from your phone,"flo@mindtheflo.com, john.doe@example.com",sent
Octofy,https://octofy.ai/,Octofy - The Right AI for Every Task,,no_email_found
Odysseyapp,https://odysseyapp.io/,Odyssey: Imagine. Create. Automate.,"help@odysseyapp.io, name@email.com",sent
Openartist,https://openartist.ai/,OpenArtist ‚Äî No Prompts Required.,,no_email_found
Opensynaps,https://opensynaps.com/en/,"OpenSynaps | Never feel alone again: Hypnosis, sophro & more",,no_email_found
Otio,https://otio.ai/,Otio - Your AI Research & Writing Partner,contact@otio.ai,sent
Outwrite,https://outwrite.ai/,outwrite.ai - Be the Answer AI Recommends. Every Time.,support@outwrite.ai,sent
Pageai,https://pageai.pro/,PageAI - the best AI website builder for professionals,support@shipixen.com,sent
Pantio,https://pantio.io/web,Pantio,,no_email_found
Pdfsummarizer,https://pdfsummarizer.net/,AI PDF Summarizer - Get Free Summaries Now! - PDFsummarizer.net,,no_email_found
Peoplealsoask,https://peoplealsoask.ai/,"""People Also Ask"" : Ask & Answer The Public - People Also Search For | PeopleAlsoAsk.ai",,no_email_found
Phonecaseai,https://phonecaseai.com/,AI Phone Case Generator | PhoneCaseAI,,no_email_found
Picsart,https://picsart.io/remove-background/,Remove Background API For Stunning Product Photos,,no_email_found
Pinster,https://pinster.io/,Home ‚Äì Pinster,,no_email_found
Pixeldojo,https://pixeldojo.ai/,PIXEL DOJO AI Image Generator,,no_email_found
Pr,https://pr.co/,PR.co | Modern PR software that looks beyond media relations,,no_email_found
Prdkit,https://prdkit.ai/,PRDKit: AI-Powered Product Requirements,hello@prdkit.ai,sent
Precheck,https://precheck.ai/,PreCheck.ai: AI-Powered Facial Recognition and ID Verification Platform,,no_email_found
Probz,https://probz.ai/,Home | Probz,support@probz.ai,sent
Product-lab,https://product-lab.ai/,Product Lab AI,"edu@readymag.com, hello@readymag.com, no-reply@readymag.com, support@readymag.com",sent
Profilelyai,https://profilelyai.com/,ProfilelyAI | AI-Powered Customer Insights Platform | ProfilelyAI,hello@profilelyai.com,sent
Promptessor,https://promptessor.com/,PrompTessor - AI Prompt Analysis and Optimization,info@promptessor.com,sent
Promptvibe,https://promptvibe.ai/,"PromptVibe | AI Prompts, Vibe Coding Tips, Cursor IDE Rules",hello@promptvibe.ai,sent
Promptwatch,https://promptwatch.com/,Scraping Error,,scraping_failed
Qonqur,https://qonqur.xyz/,Qonqur - Write + Draw + AI,ideas@qonqur.xyz,sent
Qsourcer,https://qsourcer.com/,AI Boolean Generator for Recruiters & Talent Sourcers - QSourcer,,no_email_found
Quickdata,https://quickdata.ai/,QuickData.AI ‚Äì Auto-extract rent roll and T12 data into your multifamily Excel model,"asset-1@1x-transparent-150x145.webp, asset-1@1x-transparent.webp, asset-3@1x-transparent-1-300x43.png, asset-3@1x-transparent-1.png, hello@quickdata.ai",sent
Ravenna,https://ravenna.ai/,AI-Native ITSM | Go Beyond AI Agents and Chatbots,batuhankrskl@gmail.com,sent
Rebuzzai,https://rebuzzai.com/,Rebuzz AI | REDO Your Marketing,,no_email_found
Redreach,https://redreach.ai/,Redreach: AI-Powered Reddit Lead Generation Tool | Redreach: AI-Powered Reddit Lead Generation Tool,hello@redreach.ai,sent
Regula,https://regula.ai/,Regula Lead Flow Magic | Streamline Your Lead Generation,,no_email_found
Renamer,https://renamer.ai/,Renamer.ai | App | Renamer.ai - Transform File Organization with AI-Powered Renaming,hi@renamer.ai,sent
Rezon8ai,https://rezon8ai.com/,Rezon8AI: Transform Customer Feedback into Growth Opportunities,,no_email_found
Samwise,https://samwise.quest/,Samwise Has Joined Your Quest ‚Äì Mastering Your Quest From $0 to $10M in Revenue,,no_email_found
Scanrelief,https://scanrelief.com/,ScanRelief - Receipts to Excel Conversion Made Easy,info@scanrelief.com,sent
Scipubplus,https://scipubplus.com/,"SciPub+ | Unlocking Science, Structuring Knowledge",,no_email_found
Scout,https://scout.cntent.ai/,CASi Scout | Conversation Intelligence Platform,,no_email_found
Seatext,https://seatext.com/,Seatext AI +35% to your website sales,"default@example.com, sgluhov@seatext.com",sent
Secuarden,https://secuarden.com/,Secuarden | Secure Your Vibe Code,dev@company.com,sent
Seekmydomain,https://seekmydomain.com/,SeekMyDomain - Find the Perfect Domain for your Business in Seconds,,no_email_found
Sensay,https://sensay.io/,Sensay ‚Äì Transforming Knowledge into AI Wisdom | AI Chatbots & Agents,,no_email_found
Setgo,https://setgo.ai/,SetGo.ai,,no_email_found
Sheetsy,https://sheetsy.co/,Sheetsy | Send personalized emails with AI at scale,"contact@sheetsy.co, hello@docgenie.co.uk, support@qwik.host",sent
Sjinn,https://sjinn.ai/,SJinn: Your Ultimate Intelligent Agent for Image & Video Content Creation,,no_email_found
Skipcalls,https://skipcalls.app/,SkipCalls - AI-Powered Voicemail & Call Assistant,,no_email_found
Skymel,https://skymel.com/ai-assistant.html,Scraping Error,,scraping_failed
Slice,https://slice.grottodigital.com/,Grotto Slice,,no_email_found
Slidestorm,https://slidestorm.ai/,SlideStorm,,no_email_found
Smartclerk,https://smartclerk.ai/,Smart Clerk | Transform Your Financial Data into Actionable Insights,"demo@invoices.smartclerk.ai, hello@smartclerk.ai, name@example.com",sent
Smith,https://smith.ai/,Smith.ai 24/7 AI Receptionists & Live Human Agents,"jane.doe@businessname.com, support@smith.ai",sent
Socialaf,https://socialaf.ai/,Socialaf.ai - AI Social Content Creator | Generate Viral Posts in 30 Seconds,,no_email_found
Socialsignalai,https://socialsignalai.com/,"SocialSignal AI - Top Tool For Social Mentions, Leads, and Insights",,no_email_found
Solda,https://solda.ai/,Solda AI ¬∑ Fully automated sales departments,hello@solda.ai,sent
Songagent,https://songagent.com/,SongAgent: Your Professional AI Song Agent & Music Creator,,no_email_found
Specd,https://specd.ai/demo,Specd - AI-Powered Vehicle Valuations,,no_email_found
Specifys-ai,https://specifys-ai.com/,Specifys.ai - Plan Your App Idea for Free,"specifysai@gmail.com, your@email.com",sent
Sredsimplify,https://sredsimplify.com/,SREDSimplify - AI-Powered SR&ED Tax Credit Platform | Maximize Your R&D Tax Credits,sredsimplify@gmail.com,sent
Staccato,https://staccato.ai/,Staccato | AI Tools for Music Makers | MIDI Music,,no_email_found
Starterpilot,https://starterpilot.com/,StarterPilot,,no_email_found
Startkit,https://startkit.ai/,StartKit.AI ‚Äß Build AI Startups Faster,"hi@startkit.ai, work@startkit.ai",sent
Stratup,https://stratup.ai/,Stratup.ai | AI-powered startup idea generator,,no_email_found
Taaft,https://taaft.getrewardful.com/signup,Just a moment...,,no_email_found
Tailride,https://tailride.so/,Tailride | AI Invoice and Receipt Automation Software,"billing@shopify.com, miki@get-invoice.com",sent
Talefy,https://talefy.ai/,AI Story Generator - Create Interactive Stories Online | Talefy,"404@x1.webp, 404@x2.webp, support@talefy.ai",sent
Talkit,https://talkit.ai/,Talkit - AI language learning in immersive scenes,feedback@visionflow.ai,sent
Tarotqa,https://tarotqa.com/en,Tarotqa,,no_email_found
Teabot,https://teabot.net/,Service Suspended,,no_email_found
Team-journal,https://team-journal.com/,Team Journal: Mindful Reflection for Teams | Team Journal - Mindful Reflection for Teams,"appstore@2x.webp, gplay@2x.webp, slack@2x.webp, slackteams@2x.webp, teams@2x.webp",sent
Teammately,https://teammately.ai/,Teammately | The AI Agent for AI Engineers,,no_email_found
Testdriver,https://testdriver.ai/,TestDriver,email@gmail.com,sent
Testgrid,https://testgrid.io/cotester/,Scraping Error,,scraping_failed
Testzeus,https://testzeus.com/hercules,Hercules,,no_email_found
Textwisely,https://textwisely.ai/,TextWisely: Your AI Writing Companion for Mac,hi@textwisely.ai,sent
Thatswave,https://thatswave.com/login,Wave - Skip the work. Keep the credit.,,no_email_found
Thelibrarian,https://thelibrarian.io/,The Librarian - Supercharge your day with your own AI personal assistant,,no_email_found
Topfrog,https://topfrog.ai/chats,"TopFrog ‚Äì #1 platform for multiple AI answers, ranked for you.",,no_email_found
Translatemanga,https://translatemanga.online/,"Real-Time AI Manga Translator Extension, SCAN Screenshot Translation | TranslateManga",,no_email_found
Trywizardly,https://trywizardly.com/,Wizardly - Generate Training Videos in Minutes,,no_email_found
Tunyn,https://tunyn.com/,tunyn - TLDR Audio Newsletter for Anything,,no_email_found
Ungpt,https://ungpt.ai/,"UnGPT: AI Detector, AI Humanizer & Undetectable AI Tool",hello@ungpt.ai,sent
Uselyra,https://uselyra.ai/,Lyra,,no_email_found
Useofenglish,https://useofenglish.ai/,"Use of English AI - Cambridge English Test B1, B2, C1, C2",,no_email_found
V03ai,https://v03ai.com/,V03 AI Video Generator With Audio Powered By Veo 3 | V03 AI,support@v03ai.com,sent
Vdraw,https://vdraw.ai/ai-carousel-generator,AI Carousel Generator ‚Äì Create Stunning Slides in Seconds,,no_email_found
Verbalate,https://verbalate.ai/,"Verbalate‚Ñ¢ Video Translation, Voice Clone & Lip Sync Software",copyright@verbalate.ai,sent
Verex,https://verex.ai/,Verex - AI-Powered QA Automation,,no_email_found
Vibechart,https://vibechart.ai/,VibeChart - Text to Chart AI,,no_email_found
Videodubber,https://videodubber.ai/translate-video/,Translate Video Online - Fast & Accurate,,no_email_found
Videoweb,https://videoweb.ai/video-to-video/,Free Modify Video with AI Video to Video Generator,contact@videoweb.ai,sent
Vinish,https://vinish.dev/hate-speech-detector,Hate Speech Detector Online ‚Äì Powered by AI ‚Ä¢ Vinish.Dev,,no_email_found
Vizbull,https://vizbull.com/,"Turn picture into painting, line art, pencil sketch, cartoon, or outline with our image to painting converter - AI Artwork Generator",,no_email_found
Voiceaiwrapper,https://voiceaiwrapper.com/,Turn Your Agency Into a $15K+/Month Voice AI Powerhouse,hello@voiceaiwrapper.com,sent
Wazzap,https://wazzap.ai/,| Wazzap AI - The #1 Ai Setter built for Agencies.,,no_email_found
Whatbreedismycat,https://whatbreedismycat.app/,What Breed Is My Cat? | Free AI Cat Breed Identifier by Photo,hello@whatbreedismycat.app,sent
Wisary,https://wisary.ai/,Wisary ‚Äì AI-Guide for product teams collaboration,support@wisary.ai,sent
Workbookly,https://workbookly.app/,Workbookly - YouTube videos to PDF and online practice worksheets with just one click,support@workbookly.app,sent
Wouldaipickyou,https://wouldaipickyou.com/,Would AI Pick You? | Test Your Product Page with AI Agents,"remy@devassistant.ai, remy@quickscreen.ai",sent
Writemail,https://writemail.ai/,"WriteMail.ai: AI Email Tool, Save Time & Generate Better Emails!",example@domain.com,sent
Acedit,https://www.acedit.ai/,Transform Your Interview Skills with Our AI Interview Coach,"support@acedit.ai, u003esupport@acedit.ai",sent
Adshare,https://www.adshare.co/,Adshare: Ads Shared By Your Friends,,no_email_found
Agentvoice,https://www.agentvoice.com/,Voice AI that takes action - AgentVoice,,no_email_found
Aicosts,https://www.aicosts.ai/,AICosts.ai | Manage All Your AI Costs in One Place,"team@aicosts.ai, you@company.com",sent
Aicoursify,https://www.aicoursify.com/,AI Course Creator | Build Online Courses in Minutes | AiCoursify,,no_email_found
Airatemybody,https://www.airatemybody.com/,Rate My Body | AI-Powered Body Assessment & Improvement,info@airatemybody.com,sent
Aircodum,https://www.aircodum.com/,AirCodum - Remote Control for VS Code,priyankar.kumar98@gmail.com,sent
Aisheets,https://www.aisheets.study/,Vercel Security Checkpoint,,no_email_found
Albumcoverai,https://www.albumcoverai.com/,AI Album Cover Generator | AlbumCover AI,,no_email_found
Amionai,https://www.amionai.com/,Am I on AI? - Check Your Business's AI Visibility,,no_email_found
Apexagents,https://www.apexagents.ai/,AI Replies for X (Twitter) | Apex,,no_email_found
Artifacthospitality,https://www.artifacthospitality.ai/,Artifact Hospitality | AI-Powered Hospitality Automation,,no_email_found
Askbex,https://www.askbex.ai/,Bex - Unlock your team's internal knowledge from within Slack.,gabe@askbex.ai,sent
Autocoder,https://www.autocoder.cc/platform,AutoCoder,halo@2x.e4c80c5b.png,sent
Autogather,https://www.autogather.ai/,"Autogather - Find Your Ideal Influencers Right Away | AI-Powered Search for Instagram, YouTube & TikTok",,no_email_found
Backsy,https://www.backsy.ai/,Backsy.ai | AI-Powered Feedback Analysis Platform,,no_email_found
Bananote,https://www.bananote.ai/,Bananote - AI Note Taking App | Voice to Text Transcription in 100+ Languages,support@bananote.ai,unsent
Bange,https://www.bange.io/,Bange.io - Empower Your Job Applications with AI,admin@bange.io,unsent
Belva,https://www.belva.ai/,Belva AI,,no_email_found
Bigideasdb,https://www.bigideasdb.com/,Discover BigIdeasDB | Database of Niche Specific Problems and Profitable Product Solutions,omp091216@gmail.com,unsent
Blacktooth,https://www.blacktooth.ai/,Blacktooth - Every AI Tool You Need for $19/month,support@blacktooth.ai,unsent
Blogseo,https://www.blogseo.io/,BlogSEO | Grow your organic traffic with the #1 SEO AI,vincent@blogseo.io,unsent
Browseract,https://www.browseract.com/,BrowserAct - AI Web Scraper. No Code. Any Site. For Your Agent.,support@mimicpc.com,unsent
Canopyapi,https://www.canopyapi.co/,Canopy API,,no_email_found
Chatcomparison,https://www.chatcomparison.ai/,Chat Comparision,"example@email.com, ouais@chatcomparison.ai",unsent
Chatnode,https://www.chatnode.ai/,ChatNode | AI That Solves Support Tickets Before They Open.,contact@chatnode.ai,unsent
Cheers,https://www.cheers.tech/,Cheers ‚Äì Frontline Brand Control Center,,no_email_found
Comment-generator,https://www.comment-generator.com/,"Comment Generator for Instagram, LinkedIn and Threads",user@domain.com,unsent
Contextminds,https://www.contextminds.com/,Contextminds,,no_email_found
Conversionagent,https://www.conversionagent.ai/,Origin DNS error | www.conversionagent.ai | Cloudflare,,no_email_found
Cospacegpt,https://www.cospacegpt.ai/,CoSpaceGPT | Access Top GenAI Models in One Secure Workspace,info@cospacegpt.ai,unsent
Dbrief,https://www.dbrief.io/,dbrief ‚Äî your AI interview assistant,support@dbrief.io,unsent
Digitalfirst,https://www.digitalfirst.ai/,AI-Powered Visual Workflows Tool | Digital First AI,hello@digitalfirst.ai,unsent
Easyredmine,https://www.easyredmine.com/,"Project management software to connect data, teams and support decision-making - Easy Redmine",,no_email_found
Exanimo,https://www.exanimo.ai/,Exanimo.ai | AI Engine Optimization & Brand Visibility in LLMs,,no_email_found
Exceldashboard,https://www.exceldashboard.ai/,ExcelDashboard Ai | Convert Excel to Dashboard Instantly,,no_email_found
Fefi,https://www.fefi.ai/,Fefi,contact@fefi.ai,unsent
Fixkey,https://www.fixkey.ai/,Fixkey - AI Writing Assistant for Mac,robert@fixkey.ai,unsent
Flowpost,https://www.flowpost.ai/,FlowPost | AI Autopilot for Social Media Posting,info@codeconda.com,unsent
Foxloop,https://www.foxloop.co/,Foxloop - Turn Surveys into Conversations,,no_email_found
Furlana,https://www.furlana.ai/,Vercel Security Checkpoint,,no_email_found
Futurwise,https://www.futurwise.com/,"Read Less, Know More With Futurwise - Futurwise",,no_email_found
Geniusemail,https://www.geniusemail.ai/,Home - Email Genius: Personalized Emails,mario.rossi@gmail.com,unsent
Getharker,https://www.getharker.com/,Harker,support@getharker.com,unsent
Getliftkit,https://www.getliftkit.com/,LiftKit: AI Marketing Tools for Founders,"hi@getliftkit.com, user@domain.com",unsent
Getsubatomic,https://www.getsubatomic.ai/,Subatomic - AI Co-Worker Agents,,no_email_found
Getvoila,https://www.getvoila.ai/,"Voil√† AI Assistant, Chat and Writer for maximum productivity",,no_email_found
Gibsonai,https://www.gibsonai.com/taaft,GibsonAI | AI-powered Cloud Database,,no_email_found
Giftprompt,https://www.giftprompt.com/,AI Gift Ideas - Personalized Gift Recommendations | GiftPrompt,support@giftprompt.com,unsent
Groops,https://www.groops.com/,Lead Generation with AI Landing Pages | Groops Lead Generator Software,,no_email_found
Hexoloop,https://www.hexoloop.com/,Hexaloop - AI Support That Takes Action,test@example.com,unsent
Heyito,https://www.heyito.ai/,Ito - AI-Powered Voice to Text for Mac,,no_email_found
Heywire,https://www.heywire.ai/,HeyWire AI,,no_email_found
Historysleep,https://www.historysleep.com/,History Sleep - AI Bedtime Stories That Bore You to Sleep,support@coventrylabs.net,unsent
Hyperbrowser,https://www.hyperbrowser.ai/,Hyperbrowser,,no_email_found
Ilib,https://www.ilib.com/,iLib - Create Reputation Pages for Your Business,,no_email_found
Illumichat,https://www.illumichat.com/,IllumiChat | Home,,no_email_found
Imagineanything,https://www.imagineanything.ai/,Imagine Anything | Free AI Image Generator & Art Creator,,no_email_found
Irlplayground,https://www.irlplayground.com/en-gb,IRL PLAYground,your.email@example.com,unsent
Journalsai,https://www.journalsai.com/,"JournalsAI - AI-Powered, personalized 30-day journals",,no_email_found
Kinestex,https://www.kinestex.com/,KinesteX AI - Personal Fitness Trainer,"hello@kinestex.com, help@kinestex.com, support@kinestex.com",unsent
Kolena,https://www.kolena.com/gtm/,GTM - Kolena,info@kolena.com,unsent
Kolena,https://www.kolena.com/insurance/,AI for Insurance - Kolena,info@kolena.com,unsent
Korbit,https://www.korbit.ai/,AI Code Reviews | Korbit AI | 14 Day Free Trial,support@korbit.ai,unsent
Lambdatest,https://www.lambdatest.com/kane-ai/,KaneAI - World's First GenAI-Native Test Agent | AI Testing Tool,,no_email_found
Lassomoderation,https://www.lassomoderation.com/,Protect your brand and safeguard your user experience | Lasso,info@lassomoderation.com,unsent
Learn,https://www.learn.earth/,Learn Earth | AI-First Adaptive Learning,info@learn.earth,unsent
Loratag,https://www.loratag.ai/,LoraTag - AI-Powered Image Captioning for LoRA Training | Batch Dataset Preparation Tool,,no_email_found
Losefatwithai,https://www.losefatwithai.com/,Lose Fat With AI,,no_email_found
Lovabletales,https://www.lovabletales.ai/,Lovable Tales,,no_email_found
Lyzr,https://www.lyzr.ai/diane/,Diane: HR Super Agent,,no_email_found
Mailsweeper,https://www.mailsweeper.co/,MailSweeper: Tidy. Happy. Email.,support@mailsweeper.co,unsent
Maqnet,https://www.maqnet.ai/,Maqnet AI-Neural Engine That Thinks Like a Creative Genius,hello@maqnet.ai,unsent
Marblism,https://www.marblism.com/,AI Employees To Scale Your Business - Marblism,,no_email_found
Memoirmaker,https://www.memoirmaker.ai/,Story of Your Life: Transform Memories into a Lasting Legacy,,no_email_found
Mixus,https://www.mixus.ai/,mixus - AI Agents We Can Trust,agent@mixus.com,unsent
Myaininja,https://www.myaininja.com/en,LinkedIn Post Generator | my AI ninja,"18d2f96d279149989b95faf0a4b41882@sentry-next.wixpress.com, 1d7d0a2217a04496808b11f7603693e5@sentry-next.wixpress.com, 2062d0a4929b45348643784b5cb39c36@sentry.wixpress.com, 271e9fa3230b4eec94b02bf95780f5f2@sentry.wixpress.com, 460ff4620fa44cba8df530afde949785@sentry.wixpress.com, 5d1795a2db124a268f1e1bd88f503500@sentry.wixpress.com, 605a7baede844d278b89dc95ae0a9123@sentry-next.wixpress.com, 78f7996315bc402f9dcb8a2f974b82d1@sentry.wixpress.com, 79baaa8e09c746d2b7401643b99792e0@sentry.wixpress.com, 88170cb0c9d64f94b5821ca7fd2d55a4@sentry-next.wixpress.com, 8c4075d5481d476e945486754f783364@sentry.io, 8eb368c655b84e029ed79ad7a5c1718e@sentry.wixpress.com, 9a65e97ebe8141fca0c4fd686f70996b@sentry.wixpress.com, ed436f5053144538958ad06a5005e99a@sentry.wixpress.com",unsent
Myunite,https://www.myunite.ai/,Unite AI,,no_email_found
Neuralframes,https://www.neuralframes.com/,AI Animation Generator,"cleanshot-2023-09-23-at-10.24.07@2x-1.png, cleanshot-2023-10-30-at-09.39.23@2x.png, cleanshot-2024-01-23-at-11.05.35@2x.png, cleanshot-2024-10-09-at-08.16.33@2x-large.jpeg, cleanshot-2025-06-15-at-18.17.08@2x.png",unsent
Notesbot,https://www.notesbot.io/,NotesBot - AI-Powered Discord Note Taking Bot,contact@notesbot.io,unsent
Octocomics,https://www.octocomics.com/home,AnimeShorts: AI Anime Art Generator | Create Stunning Animation Video and Comic,,no_email_found
Octoparse,https://www.octoparse.ai/,AI automation tool & Free RPA bots | Octoparse AI,,no_email_found
Onspace,https://www.onspace.ai/ai-website-builder,AI Web App Builder,contact@onspace.ai,unsent
Optimyzee,https://www.optimyzee.com/,Optimyzee,,no_email_found
Parliant,https://www.parliant.ai/,Parliant.AI - conversational surveys conducted by AI,,no_email_found
Patternlook,https://www.patternlook.com/,Seamless Pattern Maker & AI Design Tools | PatternLook,support@patternlook.com,unsent
Pattiai,https://www.pattiai.com/,Pattiai,,no_email_found
Phonepimcp,https://www.phonepimcp.com/,PhonePi MCP - Connect Your Phone to AI via Model Context Protocol,priyankar.kumar98@gmail.com,unsent
Poddyhost,https://www.poddyhost.com/,Podcast Platform for Authors | Effortless AI Podcast Hosting Platforms,,no_email_found
Polymerhq,https://www.polymerhq.io/,Just a moment...,,no_email_found
Portfoliogpt,https://www.portfoliogpt.xyz/,PortfolioGPT,"support@mail.portfoliogpt.xyz, support@portfoliogpt.xyz",unsent
Privatemode,https://www.privatemode.ai/,Privatemode AI - The always encrypted AI service,,no_email_found
Proofs,https://www.proofs.io/,Proofs.io: AI Agents for your tech stack,"hello@proofs.com, hello@proofs.io",unsent
Quellit,https://www.quellit.ai/,Intelligent UAT User Acceptance Testing AI Powered,"hello@quellit.ai, jane@gmail.com",unsent
Rabbitholes,https://www.rabbitholes.ai/,Rabbitholes AI - AI on an Infinite Canvas,"blackhole@2x.png, support@rabbitholes.ai, topology-graphic-light@2x.png, topology-graphic@2x.png",unsent
Recall,https://www.recall.wiki/extension,"Recall - Summarize Anything, Forget Nothing.",support@getrecall.ai,unsent
Redditmonitor,https://www.redditmonitor.com/,Redditmonitor,,no_email_found
Relay,https://www.relay.app/,Relay.app: Create AI agents that work for you,"support+website@relay.app, support@relay.app",unsent
Resyfy,https://www.resyfy.ai/,Resyfy AI | Your Career OS for Success,"18d2f96d279149989b95faf0a4b41882@sentry-next.wixpress.com, 2062d0a4929b45348643784b5cb39c36@sentry.wixpress.com, 5d1795a2db124a268f1e1bd88f503500@sentry.wixpress.com, 605a7baede844d278b89dc95ae0a9123@sentry-next.wixpress.com, 79baaa8e09c746d2b7401643b99792e0@sentry.wixpress.com, 8eb368c655b84e029ed79ad7a5c1718e@sentry.wixpress.com",unsent
Runcell,https://www.runcell.dev/,#1 Jupyter AI Agent - Runcell,,no_email_found
Scoutux,https://www.scoutux.io/,ScoutUX - Catch UX issues before your users do,,no_email_found
Siliconflow,https://www.siliconflow.com/,SiliconFlow ‚Äì AI Infrastructure for LLMs & Multimodal Models,,no_email_found
Sloneek,https://www.sloneek.com/,Sloneek | The best HR system for employee management,sales@sloneek.com,unsent
Sopcreator,https://www.sopcreator.com/,Generate your Statement of Purpose in 15 minutes | Powered by ChatGPT AI,support@sopcreator.com,unsent
Stakly,https://www.stakly.dev/,Stakly - Build Web Apps with AI,support@stakly.dev,unsent
Strawberryantler,https://www.strawberryantler.com/,Strawberry Antler | Custom AI Agents & Business Solutions,,no_email_found
Supadev,https://www.supadev.so/,Supadev - Build 5x Faster,,no_email_found
Taloai,https://www.taloai.com/,Talo - Real-Time AI Translator for Video Calls,,no_email_found
Tarotify,https://www.tarotify.ai/,AI Tarot | Free Online Tarot Readings | TAROTIFY¬Æ.ai,,no_email_found
Tenali,https://www.tenali.ai/,TENALi,admin@tenali.ai,unsent
Theastudy,https://www.theastudy.com/home,Thea | Home,"18d2f96d279149989b95faf0a4b41882@sentry-next.wixpress.com, 2062d0a4929b45348643784b5cb39c36@sentry.wixpress.com, 271e9fa3230b4eec94b02bf95780f5f2@sentry.wixpress.com, 460ff4620fa44cba8df530afde949785@sentry.wixpress.com, 5d1795a2db124a268f1e1bd88f503500@sentry.wixpress.com, 605a7baede844d278b89dc95ae0a9123@sentry-next.wixpress.com, 79baaa8e09c746d2b7401643b99792e0@sentry.wixpress.com, 8c4075d5481d476e945486754f783364@sentry.io, 8eb368c655b84e029ed79ad7a5c1718e@sentry.wixpress.com, 98b21aa53d68482b8414e892d9af0e5f@sentry-next.wixpress.com, ed436f5053144538958ad06a5005e99a@sentry.wixpress.com, f36cc48fb72b4d298c835f2793cf3b84@sentry-next.wixpress.com",unsent
Theogrowth,https://www.theogrowth.com/business-context-engineering,"Client-Intelligent AI Tool for Agencies | THEO Context Intelligence for ChatGPT, Claude & More",info@theogrowth.com,unsent
Thesify,https://www.thesify.ai/,Thesify - Ethical AI Tools That Improve Your Academic Writing,theo@email.com,unsent
Thumbnailcreator,https://www.thumbnailcreator.com/,AI YouTube Thumbnail Generator - Create Stunning Thumbnails in Seconds | ThumbnailCreator | ThumbnailCreator,,no_email_found
Tny,https://www.tny.dev/mcp,tny.dev - API-first link shortener built for AI agents,info@tny.dev,unsent
Trenz,https://www.trenz.ai/,Trenz: Viral TikTok Videos & Content Ideas | Earn Higher Commission - Trenz,support@trenz.ai,unsent
Typewraiter,https://www.typewraiter.com/,Typewraiter,,no_email_found
Unrobotify,https://www.unrobotify.com/,Unrobotify - AI Text Humanizer Tool | Free AI to Human Text Converter,,no_email_found
Usebubbles,https://www.usebubbles.com/,Bubbles - AI Meeting Note Taker & Screen Recorder,hello@usebubbles.com,unsent
Videopal,https://www.videopal.ai/,Faceless | AI Video Generator,business@videopal.ai,unsent
Windispute,https://www.windispute.pro/,WinDispute.pro - Win Stripe Disputes easily - WinDispute.pro,,no_email_found
Writevoice,https://www.writevoice.io/,"Don't Type, Speak. It's 4x Faster - WriteVoice",contact@writevoice.io,unsent
Wui,https://www.wui.ai/en,Repurpose Your Content into Viral Video Clips | WUI.AI,support@wui.ai,unsent
Zivy,https://www.zivy.app/,Zivy,hey@zivy.app,unsent
Yahini,https://yahini.io/,Yahini - Publish content like a market leader,contact@yahini.io,unsent
2pr,https://2pr.io/carousel/,2PR LinkedIn Carousel Generator ‚Äì Free AI Tool,,no_email_found
Automina,https://automina.app/,Automina - AI Powered Browser Automation Agent,,no_email_found
Cognitivecalls,https://cognitivecalls.com/,Cognitivecalls,,no_email_found
Discord,https://discord.gg/mxRdr8HrpP,Discord,,no_email_found
Dodocs,https://dodocs.ai/web/guest/matchpoint,Sign in to Dodocs.ai,,no_email_found
Lastworkingday,https://lastworkingday.co/,Lastworkingday,,no_email_found
Ligo,https://ligo.ertiqah.com/,LiGo ‚Äì A Complete LinkedIn System,,no_email_found
Littlebird,https://littlebird.ai/,Home | Littlebird,support@littlebird.ai,unsent
Lotuseye,https://lotuseye.co.jp/en,LotusEye - AI Anomaly Detector,name@example.com,unsent
Mindflow,https://mindflow.io/,Mindflow | Gen-AI Automation for Enterprise IT & Cyber teams,,no_email_found
Myreport,https://myreport.alaba.ai/,https://myreport.alaba.ai/en/,,no_email_found
N8nchat,https://n8nchat.com/,n8nChat - Create n8n Workflows with AI,,no_email_found
Openadapt,https://openadapt.ai/,OpenAdapt.AI,sales@openadapt.ai,unsent
Pdfgen,https://pdfgen.com/,PDFgen | Generate PDF with AI,,no_email_found
Plou,https://plou.eu/product/mobile/stmt,Stmt - AI-Powered Bank Statement Converter on your phone.,hi@plou.eu,unsent
Qa,https://qa.tech/,"E2E testing in minutes, not weeks","avatar-fugah@2x.webp, avatar-klapwij@2x.webp, avatar-labor@2x.webp, avatar-lindholm@2x.webp, avatar-schon@2x.webp, linkedin@2x.webp, logo-q.a-tech@2x.webp",unsent
Rankbot,https://rankbot.ai/,RankBot - AI Backlinks and On-Page SEO,admin@rankbotai.com,unsent
Readpo,https://readpo.com/en,ReadPo - 10x Speed Up Your Reading and Writing,"me@example.com, support@readpo.com",unsent
Rewritesomething,https://rewritesomething.com/,Perfect Product Descriptions - RewriteSomething,,no_email_found
Sectorflow,https://sectorflow.ai/,SectorFlow: Secure AI Workflows For Any Sector | Business AI Platform ‚Äî SectorFlow,,no_email_found
Skymel,https://skymel.com/,Scraping Error,,scraping_failed
Skywork,https://skywork.ai/,SkyworkÔ∏±The Originator of AI Workspace Agents,,no_email_found
Speechy,https://speechy.tech/,Speechy,contact@speechy.tech,unsent
Thirdi,https://thirdi.ai/,Tech-led Growth Marketing Platform | third i,hello@thirdi.ai,unsent
Usetrag,https://usetrag.com/,AI Code Review for Effortless Development | Trag,,no_email_found
Vectorize,https://vectorize.io/,Vectorize,,no_email_found
Agionic,https://www.agionic.com/,AI Answers for Your Docs,,no_email_found
Atomicelevator,https://www.atomicelevator.com/,AI Marketing Strategy Software - Atomic Elevator - Ella Ai,"ella@atomicelevator.com, user@domain.com",unsent
Backlinker,https://www.backlinker.ai/,Backlinker AI - Best AI Backlink Outreach Tool,,no_email_found
Blogtopin,https://www.blogtopin.com/,BlogToPin - Best Pinterest Automation Tool | BlogToPin,nikpolale@gmail.com,unsent
Contentcaptain,https://www.contentcaptain.io/,Atrium,,no_email_found
Glean,https://www.glean.com/,"Work AI for all - AI platform for agents, assistant, search",,no_email_found
Hire,https://www.hire.inc/,Hire.inc | AI Platform for Recruitment,team@hire.inc,unsent
Letterpal,https://www.letterpal.io/,"letterpal | Write Digest Newsletters, Fast.",,no_email_found
Lyter,https://www.lyter.ai/en,"Lyter | Your posts for a whole month, in just 30min.",,no_email_found
Magiclight,https://www.magiclight.ai/signup,"Magic Light AI - Free AI Art Generator,Text to Image to Video! Studio AI School","vendor-axios@0.24.0-caykk6kh.js, vendor-b-tween@0.3.3-l0snrnkz.js, vendor-b-validate@1.5.3-ds6eyubc.js, vendor-danmu.js@1.1.13-l0snrnkz.js, vendor-dayjs@1.11.11-dmaowe1v.js, vendor-decode-uri-component@0.4.1-l0snrnkz.js, vendor-delegate@3.2.0-d8jnuv8r.js, vendor-downloadjs@1.4.7-cshs07im.js, vendor-fake-progress@1.0.4-cfaphfpx.js, vendor-filter-obj@5.1.0-l0snrnkz.js, vendor-howler@2.2.4-chd91z0w.js, vendor-intlify_core-base@9.14.4-a4ob3ylj.js, vendor-intlify_shared@9.14.4-ze5cdmuf.js, vendor-intro.js@7.2.0-cmosrhxk.js, vendor-ismobilejs@1.1.1-cjmtvrzr.js, vendor-jszip@3.10.1-tu7teu27.js, vendor-lodash-es@4.17.21-jpcy8uj7.js, vendor-microsoft_clarity@1.0.0-dpykhfn7.js, vendor-mitt@3.0.1-y1quu4qn.js, vendor-openreplay_tracker@16.2.1-dlvbq7wn.js, vendor-pinia@2.1.7-bhwgfufp.js, vendor-qrcode@1.5.3-hh55jdph.js, vendor-query-string@8.2.0-l0snrnkz.js, vendor-r-swiper@1.0.82-dnud0-uc.js, vendor-resize-observer-polyfill@1.5.1-b1puzc5b.js, vendor-sentry-internal_browser-utils@8.55.0-dhtxxrul.js, vendor-sentry-internal_feedback@8.55.0-l0snrnkz.js, vendor-sentry-internal_replay-canvas@8.55.0-l0snrnkz.js, vendor-sentry-internal_replay@8.55.0-l0snrnkz.js, vendor-sentry_browser@8.55.0-cw6ykll0.js, vendor-sentry_core@8.55.0-dyspuiwy.js, vendor-split-on-first@3.0.0-l0snrnkz.js, vendor-split.js@1.6.5-cpyvec61.js, vendor-swiper@11.1.5-dftvekz5.js, vendor-ua-parser-js@2.0.0-rc.1-c9bgcjfj.js, vendor-uuid@10.0.0-bkt09osn.js, vendor-vant@4.9.21-ju8b1hiy.js, vendor-vue@3.5.4-d3jppit3.js, vendor-weixin-js-sdk@1.6.5-bmfayapu.js, vendor-xgplayer@3.0.17-dety8oxw.js",unsent
Merchynt,https://www.merchynt.com/paige,Paige - The #1 AI SEO Tool for Google Business Profiles & ChatGPT,"hello@merchynt.com, support@merchynt.com",unsent
Smarttalk,https://www.smarttalk.chat/,SmartTalk | Your AI ready to answer your customers,hello@smarttalk.chat,unsent
Therapulse,https://www.therapulse.ai/,TheraPulse - AI Therapy Notes Software For Mental Health,,no_email_found
Usedelegate,https://www.usedelegate.com/,Just a moment...,,no_email_found
